<?xml version="1.0" encoding="UTF-8"?>

<beans xmlns="http://www.springframework.org/schema/beans"
	xmlns:xsi="http://www.w3.org/2001/XMLSchema-instance" xmlns:context="http://www.springframework.org/schema/context"
	xsi:schemaLocation="http://www.springframework.org/schema/beans 
           http://www.springframework.org/schema/beans/spring-beans-3.0.xsd
           http://www.springframework.org/schema/context
           http://www.springframework.org/schema/context/spring-context-3.0.xsd">
           
           
	<context:annotation-config/>
	
	<bean class="com.agsft.Employee"/>
	
	<bean id="company" class="com.agsft.Company">
		<property name="companyName" value="Agile Soft Systems India Pvt. Ltd."></property>
	</bean>
	
	
	<bean id="address" class="com.agsft.Address">
		<property name="city" value="Pune"></property>
	</bean>
	       
</beans>