<?xml version="1.0" encoding="UTF-8"?>
<beans xmlns="http://www.springframework.org/schema/beans"
	xmlns:xsi="http://www.w3.org/2001/XMLSchema-instance" xmlns:context="http://www.springframework.org/schema/context"
	xsi:schemaLocation="http://www.springframework.org/schema/beans
    http://www.springframework.org/schema/beans/spring-beans-3.0.xsd
    http://www.springframework.org/schema/context
    http://www.springframework.org/schema/context/spring-context-3.0.xsd">
    
    <!-- required annotation -->
	<context:annotation-config />
    
    <!-- Hibernate -->
	<bean id="dataSource" class="org.apache.commons.dbcp.BasicDataSource" destroy-method="close" >
		<property name="driverClassName" value="com.mysql.jdbc.Driver" />
		<property name="url" value="jdbc:mysql://localhost:3306/AgileSoftDB4" />
		<property name="username" value="root" />
		<property name="password" value="root" />
	</bean>
	
	<bean id="hibernate4AnnotatedSessionFactory" class="org.springframework.orm.hibernate4.LocalSessionFactoryBean">
		<property name="dataSource" ref="dataSource"></property>

		<property name="annotatedClasses">
			<list>
				<value>com.spring.jpa.app.Employee</value>
				<value>com.spring.jpa.app.Office</value>
				<value>com.spring.jpa.app.Phone</value>
				<value>com.spring.jpa.app.Address</value>
				<value>com.spring.jpa.app.CoadingSkills</value>
			</list>	
		</property>
		
		<property name="hibernateProperties">
			<props>
				<!-- <prop key="hibernate.hbm2ddl.auto">create</prop> -->
				<prop key="hibernate.hbm2ddl.auto">update</prop>
				<!-- <prop key="hibernate.hbm2ddl.auto">validate</prop> -->
				<prop key="hibernate.dialect">org.hibernate.dialect.MySQLDialect</prop>
				<prop key="hibernate.show_sql">true</prop>
			<!-- 	<prop key="hibernate.current_session_context_class">thread</prop> -->
			</props>
		</property>
	</bean>
	
	<bean id="employeeDaoImpl" class="com.spring.jpa.app.EmployeeDaoImpl">
		<!-- <property name="sessionFactory" ref="hibernate4AnnotatedSessionFactory"></property> -->
	</bean>
	 

</beans>
