<?xml version="1.0" encoding="UTF-8"?>
<beans xmlns="http://www.springframework.org/schema/beans"
	xmlns:xsi="http://www.w3.org/2001/XMLSchema-instance"
	xmlns:context="http://www.springframework.org/schema/context"
	xmlns:p="http://www.springframework.org/schema/p"
	
	xsi:schemaLocation="http://www.springframework.org/schema/beans 
						http://www.springframework.org/schema/beans/spring-beans.xsd
						http://www.springframework.org/schema/context 
						http://www.springframework.org/schema/context/spring-context-4.3.xsd">

	<context:component-scan base-package="com.studentapp"/>

	<bean
		class="org.springframework.web.servlet.view.InternalResourceViewResolver">
		<property name="prefix" value="/WEB-INF/jsp/"></property>
		<property name="suffix" value=".jsp"></property>
	</bean>

	<bean id="messageSource" class="org.springframework.context.support.ReloadableResourceBundleMessageSource">
		<property name="basename" value="/WEB-INF/jsp/studenterrormessages.properties"></property>
	</bean> 
</beans>
