<?xml version="1.0" encoding="UTF-8"?>


<beans xmlns="http://www.springframework.org/schema/beans"
	xmlns:xsi="http://www.w3.org/2001/XMLSchema-instance" xmlns:context="http://www.springframework.org/schema/context"
	xsi:schemaLocation="http://www.springframework.org/schema/beans
                           http://www.springframework.org/schema/beans/spring-beans.xsd
                           http://www.springframework.org/schema/context
                           http://www.springframework.org/schema/context/spring-context.xsd">
                           
	<context:annotation-config/>
	
	<bean class="com.agsft.Person"/>
	
	<bean class="com.agsft.Job" primary="true">
		<constructor-arg name="designation" value=".net Developer"></constructor-arg>
	</bean>
	
	<bean class="com.agsft.Job">
		<constructor-arg name="designation" value="PHP Developer"></constructor-arg>
	</bean>                                                      
</beans>