<?xml version="1.0" encoding="UTF-8"?>
<beans xmlns="http://www.springframework.org/schema/beans"
    xmlns:xsi="http://www.w3.org/2001/XMLSchema-instance"
    xsi:schemaLocation="http://www.springframework.org/schema/beans http://www.springframework.org/schema/beans/spring-beans.xsd">
    
    <bean id="studentId" class="com.agsft.Student" depends-on="courseId">
    	<property name="studId" value="1"></property>
    	<property name="name" value="sanchit Khandelwal"></property>
    	<property name="course" ref="courseId"></property>
    </bean>
    
    <bean id="courseId" class="com.agsft.Course">
    	<property name="courseName" value="MCA"></property>
    </bean>
</beans>