<?xml version="1.0" encoding="UTF-8"?>


<beans xmlns="http://www.springframework.org/schema/beans"
	xmlns:xsi="http://www.w3.org/2001/XMLSchema-instance" xmlns:context="http://www.springframework.org/schema/context"
	xsi:schemaLocation="http://www.springframework.org/schema/beans
   http://www.springframework.org/schema/beans/spring-beans-3.0.xsd
   http://www.springframework.org/schema/context
   http://www.springframework.org/schema/context/spring-context-3.0.xsd">

	<context:annotation-config />

	<!-- Definition for profile bean -->
	<bean id="profile" class="collegeapp.Profile"></bean>

	<!-- Definition for student1 bean -->
	<bean id="student1" class="collegeapp.Student">
		<property name="rollNumber" value="1" />
		<property name="name" value="Zara" />
	</bean>

	<!-- Definition for student2 bean -->
	<bean id="student2" class="collegeapp.Student">
		<property name="rollNumber" value="2" />
		<property name="name" value="Nuha" />
	</bean>

</beans>